"inc","inc_decline","mort_to_inc","prop_inc_15","prev","prop_prev_pre","prev_ltbi","prev_to_notif","ari","prog_early","prog_cum","scenario","array","sample","round","array2","count"
266.73351149338,0.00705793494945939,0.178981782835192,0.109086058159964,261.249971564059,0.525459929848708,0.298059010194798,3.01218604889104,0.18323789845209,0.0512738388987691,0.0785440546188644,"No Intervention",1,1,6,1,1
171.982826300995,0,0.12502996360816,0.115508401379385,146.537224148695,0.574074451926034,0.236693925650703,3.7525871974869,0.0947779527748006,0.0512738388987691,0.0785440546188644,"ACF",1,1,6,1,1
49.5390079783159,0,0.150319814147172,0.126108775284943,44.9303674521741,0.552302175961353,0.809367294037418,3.32320623417076,0.0307821313970083,0.0512738388987691,0.0785440546188644,"ACF & TPT",1,1,6,1,1
226.377433750095,0.00483896417396312,0.1661970410384,0.0978152580380277,226.006141557749,0.567562609287833,0.272046715895469,3.28285880627746,0.159645623165954,0.0492567918903141,0.0761527331507511,"No Intervention",1,17,6,1,10
148.188151348934,0,0.115687236587112,0.102632229410236,129.297778559592,0.614716376311094,0.217060329165861,4.12304749463661,0.0840368049000802,0.0492567918903141,0.0761527331507511,"ACF",1,17,6,1,10
41.7579414286136,0,0.139747543348817,0.111382118406106,38.8481876337502,0.593190478848765,0.800616885003972,3.6399597892439,0.0267748211883027,0.0492567918903141,0.0761527331507511,"ACF & TPT",1,17,6,1,10
232.14306450918,0.00623325886025106,0.1470924995214,0.112598645203251,213.384716139505,0.580451526027046,0.274115343605698,3.03393676299415,0.15760100971145,0.0487911854098489,0.0735701057579631,"No Intervention",1,30,6,1,151
148.575869131635,0,0.103267160490332,0.118547166242937,120.16873272011,0.625301116826599,0.216194006138636,3.80355063192649,0.0817211953473159,0.0487911854098489,0.0735701057579631,"ACF",1,30,6,1,151
42.4345663226057,0,0.123917820654128,0.127843451069257,36.4043847098368,0.605271691578352,0.79964502132915,3.36262086369439,0.0261983493582507,0.0487911854098489,0.0735701057579631,"ACF & TPT",1,30,6,1,151
215.771924732435,0.00260660173689731,0.171563932698754,0.104912942165536,224.919043877808,0.563007381674558,0.254482854765828,3.24590216925762,0.164932102279594,0.0512061541657575,0.0785586769918745,"No Intervention",1,32,6,1,1
139.390270973105,0,0.117934036751009,0.110614078810066,125.887250296677,0.611712735561843,0.201888222369928,4.09236328696555,0.0847636573333698,0.0512061541657575,0.0785586769918745,"ACF",1,32,6,1,1
40.2095091225227,0,0.141784049931031,0.119875362930997,38.7057264180671,0.591026049943507,0.799711600140504,3.6287656552974,0.0275841231784893,0.0512061541657575,0.0785586769918745,"ACF & TPT",1,32,6,1,1
227.866714077426,0.00695578589795065,0.113511317122565,0.0957377661727897,203.878161966118,0.649513206531428,0.278485118263919,3.11822250323804,0.146879072877094,0.0490753949373665,0.0741775043079805,"No Intervention",1,36,6,1,14
148.120026380986,0,0.0796481539320854,0.100289148346748,117.92198521775,0.688789486716603,0.222274294731197,3.9550960582775,0.0779029006892898,0.0490753949373665,0.0741775043079805,"ACF",1,36,6,1,14
40.9980803573198,0,0.0955985715349858,0.108023793169866,34.5132488970433,0.671294206800082,0.797616156483598,3.48483074229237,0.0241583217403208,0.0490753949373665,0.0741775043079805,"ACF & TPT",1,36,6,1,14
238.364497989101,0.00601109092342222,0.155427578573288,0.11651249826751,220.110760624393,0.567277312911173,0.272581323815536,3.33411795315895,0.149944085591965,0.0500439803293177,0.0757750390510527,"No Intervention",1,54,6,1,14
151.363810470256,0,0.108463562298691,0.122222301731299,122.414984987176,0.614813706024631,0.214227574043896,4.1856816259606,0.0768549620767833,0.0500439803293177,0.0757750390510527,"ACF",1,54,6,1,14
43.0743282355215,0,0.130941702960805,0.13130892565324,37.0717567072063,0.592992890460855,0.796703867013587,3.69025972469564,0.0246376844583017,0.0500439803293177,0.0757750390510527,"ACF & TPT",1,54,6,1,14
248.407320310624,0.00664193811260327,0.147839721302054,0.116321481526106,239.185715083689,0.588817698143916,0.287236990045129,2.91438528550033,0.166922180559934,0.0514752191975044,0.0785059800806157,"No Intervention",1,7,7,1,2
162.096454321889,0,0.103596257818322,0.122475725827378,136.951551288995,0.632909662250092,0.230530470880148,3.65040575853124,0.0879475535150208,0.0514752191975044,0.0785059800806157,"ACF",1,7,7,1,2
46.1608551668693,0,0.124526529258524,0.132967193186697,41.3764698743061,0.613009892544887,0.805638909631079,3.22243415345474,0.0281592730033172,0.0514752191975044,0.0785059800806157,"ACF & TPT",1,7,7,1,2
211.57407315359,0.00604879592160412,0.150713410973682,0.110322677412064,204.695921905631,0.578518411255044,0.259559038563864,2.843243311279,0.140017298030921,0.0512538725684698,0.0787082609080545,"No Intervention",1,14,7,1,1
139.151500417094,0,0.105839265622922,0.114935199556852,118.360853312188,0.622935102767496,0.209628581673095,3.56042647729572,0.0743443047301858,0.0512538725684698,0.0787082609080545,"ACF",1,14,7,1,1
38.6008660608886,0,0.12760779241075,0.123760036821077,34.9294386803154,0.602378277275216,0.796354966478674,3.14205687099778,0.0232685702771562,0.0512538725684698,0.0787082609080545,"ACF & TPT",1,14,7,1,1
220.655337415826,0.00561418654321388,0.153508127711765,0.104138057120332,223.169852465168,0.591087360507817,0.271449270678162,2.73956993283491,0.153456346819402,0.050225100650862,0.0767731752626954,"No Intervention",1,15,7,1,13
143.528009329957,0,0.10752011066248,0.109240048643331,127.355471635964,0.633621062262853,0.217506626022247,3.4324529229128,0.0803107264106664,0.050225100650862,0.0767731752626954,"ACF",1,15,7,1,13
40.3176912731647,0,0.129101327689827,0.118120202281376,38.019177311984,0.614624861154788,0.800347976703704,3.03852608018841,0.0254268823694585,0.050225100650862,0.0767731752626954,"ACF & TPT",1,15,7,1,13
240.077457307077,0.00736152089756581,0.142340886233562,0.102109567397618,232.350191130322,0.604419430699048,0.285912592249607,3.0622266900244,0.160655820006816,0.050369432236009,0.0770479840613778,"No Intervention",1,17,7,1,1
157.098749374063,0,0.0997204238852045,0.107260725439338,133.817902826659,0.64763174770163,0.229483776949274,3.84818460608857,0.0851028010792877,0.050369432236009,0.0770479840613778,"ACF",1,17,7,1,1
44.1975905271298,0,0.120195180601018,0.116382359999926,39.9950995195261,0.627795955526151,0.803981375075402,3.39230390044516,0.0269732575460586,0.050369432236009,0.0770479840613778,"ACF & TPT",1,17,7,1,1
205.690822398306,0.0035566332300766,0.153601789503689,0.104630072145142,208.167916998894,0.594693515057499,0.253452171723932,3.05823879966805,0.144631050247947,0.05076975499047,0.0780330628087825,"No Intervention",1,18,7,1,1
135.335801123218,0,0.107243536838417,0.109211247380145,120.050434123587,0.638845513431142,0.203925415301802,3.84025143507873,0.0766060335812087,0.05076975499047,0.0780330628087825,"ACF",1,18,7,1,1
38.0869181744626,0,0.129280824562898,0.117680984907648,35.9863685825598,0.618833148141367,0.794988692533148,3.39371635207533,0.0243450161277689,0.05076975499047,0.0780330628087825,"ACF & TPT",1,18,7,1,1
220.307571943913,0.00758263697594319,0.138732425740195,0.122945461103025,200.147855725099,0.59249585410165,0.262664310250069,3.03065008498554,0.138226588549016,0.0517284686330939,0.0788703137316102,"No Intervention",1,28,7,1,3
144.006724197351,0,0.0973899253273415,0.128115847506117,115.326415901694,0.637111302290281,0.211741019424608,3.80648830052818,0.0732341880363425,0.0517284686330939,0.0788703137316102,"ACF",1,28,7,1,3
40.019205132503,0,0.117590003278843,0.137613555065851,34.0263451111678,0.616257676111284,0.796703626571018,3.3475721523028,0.0228970927711901,0.0517284686330939,0.0788703137316102,"ACF & TPT",1,28,7,1,3
235.076971018183,0.00482812037192204,0.157743111482869,0.0972385035789171,242.31985264728,0.590493278155305,0.285112258119942,3.09622797762883,0.163527504249265,0.0494441042571903,0.0757083351989942,"No Intervention",1,33,7,1,2
152.336677271241,0,0.110113237581478,0.102331651698113,137.363226282,0.634809788932512,0.227194276086109,3.88121526014775,0.0853159121432501,0.0494441042571903,0.0757083351989942,"ACF",1,33,7,1,2
43.4151326447549,0,0.132807908893032,0.110990131588595,41.7220279494302,0.614579137899923,0.802649669098678,3.4302247092954,0.0274822049125794,0.0494441042571903,0.0757083351989942,"ACF & TPT",1,33,7,1,2
227.6426264837,0.0076132979558664,0.139727414782204,0.116625591038339,210.330944387185,0.597023577881544,0.273928099556983,2.73572028009111,0.144538290440384,0.0505565877368782,0.0770631609086355,"No Intervention",1,39,7,1,1
149.808640264029,0,0.0990527975649852,0.121747426912727,122.500584503989,0.638661468481161,0.221082021581264,3.41620303764124,0.0773927337556916,0.0505565877368782,0.0770631609086355,"ACF",1,39,7,1,1
41.6749527315135,0,0.119081163962228,0.131158409849086,36.1253993259272,0.61919452941111,0.799114203479491,3.01280007568546,0.0242042507055924,0.0505565877368782,0.0770631609086355,"ACF & TPT",1,39,7,1,1
215.31088366225,0.00538796653488738,0.1413048063754,0.107752009945778,209.698305995927,0.610569770873687,0.261700009140174,3.09521243421021,0.144271826735088,0.0508331950051281,0.0777699410552885,"No Intervention",1,41,7,1,2
141.005793289489,0,0.0988275952613381,0.112555125626605,120.816159060198,0.653600535150365,0.210332679161658,3.89434646520592,0.0763576790853644,0.0508331950051281,0.0777699410552885,"ACF",1,41,7,1,2
39.4560552164443,0,0.119226396472326,0.121255932429185,35.9445772257046,0.633855514014553,0.79662497235405,3.43270700302916,0.0240861002192192,0.0508331950051281,0.0777699410552885,"ACF & TPT",1,41,7,1,2
245.607728656616,0.00701343817482569,0.147758127688025,0.112287964461604,235.748829029364,0.591658643893704,0.288067619712236,2.9507418750608,0.160687531559404,0.0510526867758745,0.0780519518946617,"No Intervention",1,59,7,1,1
160.648159298042,0,0.103684999136074,0.117885188504541,135.550535223175,0.635400900146933,0.231553315196942,3.69751084111838,0.0849932985742754,0.0510526867758745,0.0780519518946617,"ACF",1,59,7,1,1
45.3129553321072,0,0.124847120099013,0.12777747699035,40.5921942282067,0.615330322028015,0.804223609669746,3.26074897220692,0.0269893322165899,0.0510526867758745,0.0780519518946617,"ACF & TPT",1,59,7,1,1
236.107505828641,0.00554469698663695,0.155021321604428,0.0994066656195,237.903586524056,0.584977686426429,0.283800487384667,2.98958142525294,0.163750922498415,0.0502080368111611,0.0767670403230697,"No Intervention",1,74,7,1,1
153.653750876202,0,0.108573488399161,0.104625908545736,135.699539446742,0.629255110680771,0.226984390503145,3.74244423191545,0.0859695371399006,0.0502080368111611,0.0767670403230697,"ACF",1,74,7,1,1
43.7307073324876,0,0.130731178297665,0.113551314685252,41.1087197508663,0.609102162962274,0.803538958117966,3.30896559968942,0.0276119558037468,0.0502080368111611,0.0767670403230697,"ACF & TPT",1,74,7,1,1
242.767531644112,0.0100434463423644,0.14938728891147,0.124854155537553,218.693602206356,0.560283788479126,0.276850968484638,2.77414288351221,0.1505919243761,0.0524419820001324,0.0805473240204855,"No Intervention",1,75,7,1,1
160.90823128545,0,0.10574249861475,0.130380762726054,127.749079996746,0.605477675938564,0.224452712658963,3.45496522842928,0.0810238615614989,0.0524419820001324,0.0805473240204855,"ACF",1,75,7,1,1
44.74034731548,0,0.127488836924056,0.141059706860402,37.6954347270291,0.583985965122627,0.803300841504745,3.04161882681879,0.0253502572480787,0.0524419820001324,0.0805473240204855,"ACF & TPT",1,75,7,1,1
226.809512308519,0.00640850587393327,0.161255612869256,0.109555638653528,225.999786120368,0.567251132631092,0.272394666464539,2.80753939541454,0.156160436349278,0.0508205016505354,0.0782100530924254,"No Intervention",1,79,7,1,7
149.409258469604,0,0.113371855733302,0.114780991225027,130.487314194574,0.611975472161676,0.219581306489923,3.50110895753618,0.082932944905305,0.0508205016505354,0.0782100530924254,"ACF",1,79,7,1,7
42.0447488906283,0,0.136543950492172,0.124438221040781,39.0767275215608,0.591321695818927,0.802315773084654,3.09408397065312,0.0263437474956475,0.0508205016505354,0.0782100530924254,"ACF & TPT",1,79,7,1,7
226.514726075351,0.00565442070968225,0.141730681497776,0.105898295825142,224.489052177429,0.61408371945675,0.274182789134352,2.92890301212083,0.153716372477834,0.0504602577074471,0.0772026411886765,"No Intervention",1,80,7,1,2
148.159182395854,0,0.0991854997866738,0.111003379587681,129.117276313197,0.655836522515855,0.220143559771743,3.68121246203303,0.0811545110445972,0.0504602577074471,0.0772026411886765,"ACF",1,80,7,1,2
41.5778095318876,0,0.119350886379753,0.120051651278788,38.4840190351359,0.636950838626427,0.80044857425921,3.24971614558772,0.0256555234975062,0.0504602577074471,0.0772026411886765,"ACF & TPT",1,80,7,1,2
251.688094797986,0.00662877472856471,0.153218666630183,0.103907324919063,255.190890641694,0.592332370582135,0.296468365770628,2.80511735038725,0.174077559037471,0.0506137997903267,0.0776279705471573,"No Intervention",1,81,7,1,2
165.30359281885,0,0.107676757141684,0.109553182941085,147.046909054171,0.634906024070393,0.23849685147711,3.50306935089418,0.0923036344293305,0.0506137997903267,0.0776279705471573,"ACF",1,81,7,1,2
47.0477492059863,0,0.129433088636754,0.11948951470467,44.4683158996438,0.615505968551199,0.808139723865221,3.09704529744332,0.0296149051225353,0.0506137997903267,0.0776279705471573,"ACF & TPT",1,81,7,1,2
234.98021921889,0.00736191985478207,0.139424318792896,0.120563562266234,215.621162950352,0.604870335586214,0.275956528176017,2.88953388468183,0.147817545100102,0.0505311170968166,0.077022961339918,"No Intervention",1,90,7,1,4
154.347475805824,0,0.0985298662466546,0.125976473043166,125.24383631777,0.646742143051579,0.221964590812914,3.6166151929262,0.07896364363369,0.0505311170968166,0.077022961339918,"ACF",1,90,7,1,4
43.1023879492889,0,0.118552070455392,0.135771569598549,37.0607782897372,0.62721985623669,0.799473702850627,3.18554837234729,0.0247768375214708,0.0505311170968166,0.077022961339918,"ACF & TPT",1,90,7,1,4
236.218802771418,0.00692270633872538,0.138580417312636,0.110864248216736,225.807676455001,0.610410278488355,0.284241555567849,2.80617434931078,0.146695018572313,0.050344524551696,0.077034225782116,"No Intervention",1,3,8,1,7
156.385662383594,0,0.0984971985739777,0.115648901386551,132.348284057498,0.650897379584101,0.22998616572906,3.49622960477606,0.0791819524489929,0.050344524551696,0.077034225782116,"ACF",1,3,8,1,7
43.6554881803817,0,0.118770369702545,0.124728131073475,39.2403131591611,0.631374854805801,0.799879985267718,3.08005558051149,0.0249219979419762,0.050344524551696,0.077034225782116,"ACF & TPT",1,3,8,1,7
233.265189455037,0.00534734215765742,0.138196190552819,0.102544938453806,231.103735873879,0.618113949248793,0.28452183495257,2.86907986485399,0.151035383075883,0.0509795280253905,0.0781123645083745,"No Intervention",1,6,8,1,3
154.130634803563,0,0.0975025262896627,0.107205484356682,134.768597781922,0.658658188215513,0.230344381801011,3.58986891589311,0.0809922747848593,0.0509795280253905,0.0781123645083745,"ACF",1,6,8,1,3
43.1619623080729,0,0.117482005184196,0.115891324258055,40.1123604943744,0.639686686448808,0.800645660414145,3.16717255526011,0.0255873294320374,0.0509795280253905,0.0781123645083745,"ACF & TPT",1,6,8,1,3
231.09901574349,0.00835104756000105,0.145551623905914,0.110944312884111,219.113327425217,0.593312850961046,0.27650843492787,2.85560686612925,0.150826506633743,0.0505340843755928,0.0769990720450967,"No Intervention",1,9,8,1,1
150.416534224102,0,0.102334010790057,0.116232825076625,125.650618105388,0.636250149569996,0.221741489208052,3.57940467745213,0.0794452240296564,0.0505340843755928,0.0769990720450967,"ACF",1,9,8,1,1
42.0084291017472,0,0.123116258840344,0.125536867827127,37.2388692459128,0.616558673110338,0.801338928680801,3.15775080481607,0.0249647273867935,0.0505340843755928,0.0769990720450967,"ACF & TPT",1,9,8,1,1
207.875888191582,0.00574591128313595,0.137822749038069,0.106577961491157,203.920526970995,0.62613896583954,0.259499281106683,2.87611822999007,0.140226787957355,0.0500079945481625,0.0765478492420328,"No Intervention",1,10,8,1,2
136.775657487385,0,0.0968865031398074,0.111128622744026,118.437144852216,0.666081799232852,0.209171067158844,3.61231974484014,0.0746709113967457,0.0500079945481625,0.0765478492420328,"ACF",1,10,8,1,2
37.889609363861,0,0.116586173617561,0.119623553141304,34.8347428854626,0.647781923052956,0.795661334417022,3.18770545957781,0.0233018230016812,0.0500079945481625,0.0765478492420328,"ACF & TPT",1,10,8,1,2
223.72811213693,0.00397103924924203,0.140900597845196,0.105073718083611,228.715666772288,0.622371606157041,0.275026580565192,2.96299443125093,0.147699102755334,0.0501587219520109,0.0768895274701212,"No Intervention",1,14,8,1,15
147.132067867108,0,0.0991357023083102,0.109751434988916,132.319909607472,0.663068441018392,0.221496800661932,3.70566127974624,0.0786304014428636,0.0501587219520109,0.0768895274701212,"ACF",1,14,8,1,15
41.5175095727328,0,0.119693518993127,0.118327464462011,39.7645061062501,0.643903190391924,0.797291062817121,3.26918323249799,0.025079294972412,0.0501587219520109,0.0768895274701212,"ACF & TPT",1,14,8,1,15
220.600288719221,0.00233840254616025,0.145763317733363,0.105220130455524,233.128235967722,0.621642367189194,0.271323737496784,3.10084938989516,0.15335425342665,0.0494893510412543,0.0760091218536214,"No Intervention",1,15,8,1,26
144.983704586413,0,0.102072151082896,0.110126112329869,134.199972185806,0.663262181565678,0.217684150523197,3.87951993328195,0.0813224510642165,0.0494893510412543,0.0760091218536214,"ACF",1,15,8,1,26
41.5085049932884,0,0.123326056315349,0.118881775768178,40.982403744868,0.643861629690359,0.797063563413071,3.42550841345234,0.0263467473822352,0.0494893510412543,0.0760091218536214,"ACF & TPT",1,15,8,1,26
218.51920828429,0.00693988831356629,0.140184335160468,0.109569601715521,205.600441489466,0.60454024654943,0.264665827232221,2.91660234531523,0.137360286169384,0.050398998663022,0.077121383697504,"No Intervention",1,17,8,1,1
143.434408800588,0,0.098842745353146,0.11407877590586,119.289263288272,0.646638194400928,0.212923694008587,3.65721731743612,0.073200061036412,0.050398998663022,0.077121383697504,"ACF",1,17,8,1,1
39.5681845181279,0,0.119219131945177,0.122601019169023,34.951910622132,0.626831701893102,0.795141849543597,3.22101296091228,0.0227549692586774,0.050398998663022,0.077121383697504,"ACF & TPT",1,17,8,1,1
230.960976839659,0.00472259711114387,0.152642258557695,0.107982459387286,233.195511361163,0.589866792561999,0.278877106267951,2.98722778565541,0.164396990336753,0.049858176683523,0.0765502079171672,"No Intervention",1,19,8,1,1
151.886142533068,0,0.106971566022548,0.113507842057908,134.335965806402,0.634001170393109,0.224087409283806,3.7349925691626,0.0872302798219391,0.049858176683523,0.0765502079171672,"ACF",1,19,8,1,1
43.3748074842066,0,0.128882173370778,0.123265928599029,40.8226398997522,0.61377869296162,0.803405395407611,3.29935352356497,0.0281065497591612,0.049858176683523,0.0765502079171672,"ACF & TPT",1,19,8,1,1
233.380702182733,0.00606331290756135,0.156854408083437,0.10018235778845,243.971650541012,0.592163784481211,0.285911770898925,2.88121836656721,0.175128246211378,0.050496095371282,0.0776665297212598,"No Intervention",1,24,8,1,3
153.641539100796,0,0.109486532553538,0.105761751996816,140.369884572308,0.635638660508145,0.230775147170189,3.6085756585634,0.0926189836753305,0.050496095371282,0.0776665297212598,"ACF",1,24,8,1,3
43.7937658108409,0,0.131626508220915,0.115619518378443,42.5572871109655,0.616246765740684,0.808572166537214,3.19322898432997,0.0297810366069467,0.050496095371282,0.0776665297212598,"ACF & TPT",1,24,8,1,3
237.296012826942,0.0063520692241168,0.143461720641734,0.10311442305266,233.817458272031,0.605217981982928,0.286055389545363,2.9972962110537,0.161368971098922,0.0508365724189006,0.0779938315514968,"No Intervention",1,27,8,1,2
156.426319892772,0,0.100583592734992,0.108250396651046,135.56162468276,0.648062113717049,0.231008970233601,3.76097073839574,0.0860504516399947,0.0508365724189006,0.0779938315514968,"ACF",1,27,8,1,2
44.0605978735687,0,0.121202908154977,0.117586260347949,40.5761059528534,0.628391419680024,0.804521569050003,3.3172769421896,0.0273213170408205,0.0508365724189006,0.0779938315514968,"ACF & TPT",1,27,8,1,2
245.824180589465,0.00631990796518533,0.161769895010146,0.110941371369463,247.405579341495,0.567873892565434,0.289828420065775,2.84302898608453,0.172375730454195,0.0496984685130494,0.0761780046794708,"No Intervention",1,28,8,1,1
160.50306582836,0,0.113649191247803,0.116954667958584,141.279229631018,0.612746102958118,0.231855190889693,3.54046556611008,0.0907197474856882,0.0496984685130494,0.0761780046794708,"ACF",1,28,8,1,1
46.0056597268679,0,0.136766955179177,0.12730248691392,43.0792312132893,0.592139492565777,0.806658156204905,3.13032858469982,0.0293318817622448,0.0496984685130494,0.0761780046794708,"ACF & TPT",1,28,8,1,1
263.48467367838,0.00595320289421541,0.156266927975463,0.108719783390451,269.388847036545,0.581745579472344,0.312194649390979,2.7625024930675,0.18359648182167,0.0505748146798495,0.0773885396113172,"No Intervention",1,31,8,1,1
173.109455087322,0,0.110178573291483,0.114907264570575,155.037353609692,0.624887558858942,0.252065095137564,3.43325798372797,0.0974854751552232,0.0505748146798495,0.0773885396113172,"ACF",1,31,8,1,1
50.0420689335416,0,0.132421795303083,0.125597017161153,47.6393874696953,0.605026189849893,0.811759967319967,3.03701009795901,0.0317733582364256,0.0505748146798495,0.0773885396113172,"ACF & TPT",1,31,8,1,1
239.752809376489,0.00893092220515179,0.137731058770229,0.106269605686415,227.759185053899,0.613610796264123,0.289708873063731,2.7344708402431,0.148401499275271,0.0507665627254053,0.0773831384094923,"No Intervention",1,34,8,1,3
157.5554893618,0,0.0976591715787961,0.111064204399217,132.591422702913,0.653426980273794,0.234212699811272,3.4172517757756,0.0793728659864977,0.0507665627254053,0.0773831384094923,"ACF",1,34,8,1,3
43.6858521485225,0,0.117477657595686,0.119917283873243,38.9891740795731,0.634680878821464,0.802246611946119,3.01320985232749,0.0247746230554742,0.0507665627254053,0.0773831384094923,"ACF & TPT",1,34,8,1,3
227.711269257768,0.00361642094514314,0.170752567381591,0.105295531709292,241.769928474463,0.563862935405424,0.278576839885205,3.01251006057596,0.174322350818671,0.0495287732636435,0.0764186032842484,"No Intervention",1,41,8,1,1
149.812606000492,0,0.119158495277104,0.111049252336326,138.353973882163,0.610271163581675,0.223766644915338,3.7560661171534,0.0919700828555649,0.0495287732636435,0.0764186032842484,"ACF",1,41,8,1,1
43.3263608049616,0,0.143587134370234,0.121116501649527,42.6840348696035,0.589248698193865,0.805813010751988,3.32578653880001,0.0300794017223083,0.0495287732636435,0.0764186032842484,"ACF & TPT",1,41,8,1,1
231.734244583089,0.00427725322952588,0.150768413880461,0.10521412695056,238.650497281102,0.601823555051776,0.282446048789411,2.94046052114273,0.157982898483282,0.0494224042971263,0.0759959874176151,"No Intervention",1,47,8,1,27
153.216965458572,0,0.106459162822632,0.110208568786655,138.62280982804,0.643918471761724,0.227552654785211,3.65947861507296,0.0846488930840459,0.0494224042971263,0.0759959874176151,"ACF",1,47,8,1,27
43.6623134127086,0,0.128559473983299,0.119376287281418,42.103171152938,0.623840468892377,0.801305595603825,3.23037927802681,0.0272873662168999,0.0494224042971263,0.0759959874176151,"ACF & TPT",1,47,8,1,27
248.865645916543,0.00730167956946493,0.132662711572245,0.10351187535415,237.012642627237,0.617072224883535,0.300304036364592,2.82343347721028,0.156572234182622,0.0517226784009948,0.0791680821979973,"No Intervention",1,48,8,1,3
165.411265260102,0,0.0938940717558716,0.108326816407694,139.496799703412,0.657517781769926,0.244764251000754,3.53342589449078,0.0847686394366662,0.0517226784009948,0.0791680821979973,"ACF",1,48,8,1,3
46.1389666525167,0,0.113019813451172,0.117470525087664,41.2711138387296,0.63854427132614,0.805350831539382,3.11410167580049,0.0266199532488931,0.0517226784009948,0.0791680821979973,"ACF & TPT",1,48,8,1,3
237.026713314048,0.00311899428342999,0.154279612555533,0.103652026208195,254.141270283822,0.602344884774818,0.285957538384604,3.12332472577543,0.174467773479614,0.0506567634201427,0.0778309810728969,"No Intervention",1,53,8,1,13
155.077521324613,0,0.107141004256703,0.109402497009048,144.764862729615,0.646551243099091,0.229611361220112,3.91685077050663,0.0915402561265856,0.0506567634201427,0.0778309810728969,"ACF",1,53,8,1,13
44.8935530942555,0,0.129214788566703,0.11918331531532,44.6759459460872,0.626680288013227,0.805858532418481,3.46283993161092,0.0299526012012056,0.0506567634201427,0.0778309810728969,"ACF & TPT",1,53,8,1,13
234.405055923232,0.00614576214189178,0.146521366937495,0.101276558212936,239.500224255653,0.608092041869699,0.28714096707511,2.80305400657884,0.164907229925749,0.0503972157938457,0.0772877410910142,"No Intervention",1,54,8,1,2
154.635901884591,0,0.103063108100469,0.106484171140117,138.866907299847,0.649285078427842,0.232074700191849,3.50349151011647,0.0879194930111895,0.0503972157938457,0.0772877410910142,"ACF",1,54,8,1,2
43.7629769392334,0,0.12393490929947,0.115855845016545,41.7707486352738,0.630442574563107,0.805739937314554,3.09716061905969,0.0280614260870504,0.0503972157938457,0.0772877410910142,"ACF & TPT",1,54,8,1,2
225.02108208494,0.0079643012360312,0.135709621804266,0.112364756755887,210.391038358052,0.617939705609272,0.271426525462088,2.90678297129607,0.140650110332103,0.0504141743599286,0.0767893942082672,"No Intervention",1,55,8,1,1
147.256194251361,0,0.095804105595159,0.117207390763896,121.859936797962,0.658660814273678,0.218317035812499,3.64524449252342,0.0748257273789269,0.0504141743599286,0.0767893942082672,"ACF",1,55,8,1,1
40.7662601067853,0,0.115423982034297,0.126053722383389,35.7834882660348,0.639558015454977,0.797472124891017,3.20977215428681,0.0233089545058588,0.0504141743599286,0.0767893942082672,"ACF & TPT",1,55,8,1,1
234.88549745676,0.00393725247554266,0.145816434323743,0.0979633984613464,248.227240840053,0.618676283014198,0.288073107784317,3.07034991808874,0.165340857782996,0.0499689154486466,0.0769428365443104,"No Intervention",1,56,8,1,2
154.99361170638,0,0.102073607222569,0.102931002047179,143.512683513533,0.660448969359045,0.232299123605145,3.84403758434522,0.0880547451075837,0.0499689154486466,0.0769428365443104,"ACF",1,56,8,1,2
44.2256858911043,0,0.123282767842756,0.111914902633313,43.6519393613431,0.64103537100893,0.8040250432929,3.39333334487244,0.0284264518679184,0.0499689154486466,0.0769428365443104,"ACF & TPT",1,56,8,1,2
219.71152836275,0.00732578350518964,0.157235342162311,0.116539950584972,208.070850146233,0.561757661869321,0.261440534616843,2.98869171498284,0.149002943355583,0.0499088450638608,0.076252971094147,"No Intervention",1,61,8,1,1
142.114304572835,0,0.109978243161069,0.122069985503624,117.869341051607,0.608386643614287,0.208134163775903,3.74323782144024,0.0776224965822918,0.0499088450638608,0.076252971094147,"ACF",1,61,8,1,1
39.9668226696487,0,0.132559394253742,0.131643386377364,35.2564093920233,0.587075656852397,0.798752408426211,3.30361262010856,0.0245964367182281,0.0499088450638608,0.076252971094147,"ACF & TPT",1,61,8,1,1
247.674350859557,0.00584963508648362,0.149863163422944,0.101891875138528,255.280548226233,0.608702803794556,0.297768589209867,2.87370985400825,0.169922929037868,0.0496096029174651,0.0760621662348532,"No Intervention",1,67,8,1,2
162.731972616076,0,0.105570323617627,0.107242050039888,147.33405648866,0.649831164914857,0.239433225941257,3.58444185396582,0.0903340739210998,0.0496096029174651,0.0760621662348532,"ACF",1,67,8,1,2
46.4005874357019,0,0.127134069999154,0.116707724124942,44.6890381424392,0.630695749433668,0.806538035736301,3.16686787932473,0.0290822611436444,0.0496096029174651,0.0760621662348532,"ACF & TPT",1,67,8,1,2
234.669143757281,0.00663824315888828,0.138849832007296,0.103111691299257,226.710694541358,0.614708836089112,0.282562353117882,2.87690848869987,0.147777007384197,0.0504705587821567,0.0770810443356828,"No Intervention",1,68,8,1,2
153.908428871636,0,0.098055169168861,0.107760663384706,131.439414990295,0.655381466603565,0.227355365435738,3.60216052845114,0.0787499324200471,0.0504705587821567,0.0770810443356828,"ACF",1,68,8,1,2
42.8834227378268,0,0.118108995854982,0.11624355205355,38.8952594121706,0.636323478820207,0.799402258781001,3.17663063439947,0.0247312614387822,0.0504705587821567,0.0770810443356828,"ACF & TPT",1,68,8,1,2
216.201906527937,0.00507184607615496,0.139075433793496,0.101082344067679,214.357664589143,0.616481897839927,0.270101065177616,3.00146574792302,0.145767959392347,0.050311077143168,0.0771736228565392,"No Intervention",1,71,8,1,1
142.644962977688,0,0.0976511755140207,0.105543110942016,124.628371019115,0.658194987337544,0.218251543690615,3.76785422192057,0.0778804928497184,0.050311077143168,0.0771736228565392,"ACF",1,71,8,1,1
39.8415256902071,0,0.117804504757733,0.113905897336845,37.0279556768925,0.638832897998924,0.79788457534605,3.32284105677512,0.0245494035400061,0.050311077143168,0.0771736228565392,"ACF & TPT",1,71,8,1,1
243.051641150652,0.0049776411506931,0.149944206506573,0.117128372277546,235.845331769831,0.588045903793822,0.287485173461491,2.91221136999906,0.1583189064857,0.050227109928192,0.0771168612368933,"No Intervention",1,73,8,1,4
160.929251053468,0,0.106056308450801,0.122601964811729,137.426715861702,0.631362558821349,0.232079324027296,3.62445711044032,0.0851097564864338,0.050227109928192,0.0771168612368933,"ACF",1,73,8,1,4
45.7152379588533,0,0.127907829038781,0.13270873365164,41.5060383050569,0.610767177289439,0.802275989058642,3.19573666837167,0.0272704798289904,0.050227109928192,0.0771168612368933,"ACF & TPT",1,73,8,1,4
232.316200980904,0.00559017924120231,0.157309229428624,0.10640097021964,234.237852527567,0.577661237963928,0.280371297248952,2.99992366554334,0.169033314071541,0.0506547422411277,0.0778226897898977,"No Intervention",1,75,8,1,1
152.095070270507,0,0.109484195492845,0.112112134699729,133.906479184285,0.623443234196731,0.225371569013117,3.76488398675504,0.0888482263961772,0.0506547422411277,0.0778226897898977,"ACF",1,75,8,1,1
43.2961052913288,0,0.131774695840576,0.122086018784146,40.5443049689643,0.603046913310313,0.805857873505302,3.327690545593,0.028513734262331,0.0506547422411277,0.0778226897898977,"ACF & TPT",1,75,8,1,1
231.646695062031,0.00580787934982308,0.143685801854231,0.101917613461509,232.647136848624,0.608988817616427,0.283857576097394,2.85513355831744,0.158508906915091,0.0503146194018051,0.0771995826506671,"No Intervention",1,83,8,1,5
153.361610949044,0,0.101361333188547,0.106852658586589,135.675713986952,0.650250395940413,0.229678621588831,3.56614611468689,0.0850719765595484,0.0503146194018051,0.0771995826506671,"ACF",1,83,8,1,5
43.2570208702335,0,0.122063611971642,0.115946228914321,40.6876695120828,0.631030481034868,0.80336457122604,3.1490519821407,0.0270730899193833,0.0503146194018051,0.0771995826506671,"ACF & TPT",1,83,8,1,5
215.540890493832,0.00494941991918929,0.143965088717563,0.115634445718728,207.933687657335,0.602254498647597,0.264655895833406,2.8405202806789,0.144242839112945,0.0497774581142639,0.0760858741163269,"No Intervention",1,87,8,1,1
142.005504878553,0,0.101688846832562,0.120678159069597,120.828692817336,0.644105748039119,0.213191626269154,3.54775961342146,0.0770890206387438,0.0497774581142639,0.0760858741163269,"ACF",1,87,8,1,1
39.8892904792127,0,0.122372106812263,0.129905390692691,36.0487886323963,0.624640687241134,0.7964192726374,3.13168967725105,0.0243894040740874,0.0497774581142639,0.0760858741163269,"ACF & TPT",1,87,8,1,1
235.819932302425,0.00449315187851307,0.142468080647381,0.109962264607909,232.574686211411,0.606981639290901,0.284593284238728,2.96377332229003,0.150345905811242,0.050695944351174,0.0776544985986525,"No Intervention",1,90,8,1,4
155.206207336749,0,0.100398674025965,0.114894389052627,134.786049108864,0.649189188540874,0.229642142134509,3.70427169131517,0.0802514728405347,0.050695944351174,0.0776544985986525,"ACF",1,90,8,1,4
43.7926022493775,0,0.12120773189369,0.123958994728063,40.4638728208149,0.629221719904219,0.799305400015668,3.26514159187113,0.0255647552603085,0.050695944351174,0.0776544985986525,"ACF & TPT",1,90,8,1,4
228.885971310844,0.00706528548797436,0.145332817804671,0.0969984410102671,226.200105279111,0.602435645788538,0.280986760963859,2.91168863974465,0.151962192844357,0.0503723502831347,0.0772073134587744,"No Intervention",1,91,8,1,6
150.251294481241,0,0.102179749289803,0.101552995275985,130.830215221705,0.644651309622806,0.226435962290474,3.64990344319567,0.080758145470471,0.0503723502831347,0.0772073134587744,"ACF",1,91,8,1,6
41.8849036697779,0,0.123159627140923,0.109934502491832,38.7855189756276,0.625064430386868,0.801614195817495,3.22088878964133,0.0254062284560211,0.0503723502831347,0.0772073134587744,"ACF & TPT",1,91,8,1,6
235.352100185909,0.00437094228454848,0.142261991072079,0.115796302560691,226.777090823804,0.602176372510341,0.280086717467308,3.09128005094415,0.149185859668706,0.0505127415722327,0.0773799510500533,"No Intervention",1,93,8,1,3
154.776099817414,0,0.100092257603228,0.120923926918199,131.261687001497,0.645678700839742,0.225446057354102,3.86804056593732,0.0795955487645559,0.0505127415722327,0.0773799510500533,"ACF",1,93,8,1,3
43.7516912101636,0,0.120981438837988,0.130313251779227,39.4743820639956,0.625037248285058,0.798095389855182,3.40507962168373,0.0253888387392779,0.0505127415722327,0.0773799510500533,"ACF & TPT",1,93,8,1,3
224.452037938884,0.00943855374167069,0.14772542981857,0.116374732561271,205.26177735924,0.581429347074674,0.266833162569478,2.94780737294767,0.139653623229712,0.0505395966763868,0.077088849946477,"No Intervention",1,98,8,1,203
145.719307190862,0,0.10386747915202,0.121393982493855,117.477885280589,0.62582490027385,0.213616851931898,3.69693947388545,0.0734241365690717,0.0505395966763868,0.077088849946477,"ACF",1,98,8,1,203
40.239401584121,0,0.125299704695263,0.130519522649232,34.4470767334251,0.605056699384931,0.797624207568263,3.25463808260556,0.0228259868414067,0.0505395966763868,0.077088849946477,"ACF & TPT",1,98,8,1,203
220.66341156697,0.00782683126288142,0.145184917919553,0.109392895568872,212.210891610192,0.60018639320949,0.268137415559441,2.79543485192502,0.143675276169916,0.0504000043434947,0.0768843935418542,"No Intervention",1,1,9,1,1
143.962259484201,0,0.102281367455318,0.114299207201325,122.114657980972,0.64195974250359,0.215309391708226,3.50080168565021,0.0758813137232856,0.0504000043434947,0.0768843935418542,"ACF",1,1,9,1,1
39.9669844535016,0,0.123075985055806,0.12314513632777,35.993433812078,0.622658328344514,0.798435350822965,3.08931659881002,0.0237250371672731,0.0504000043434947,0.0768843935418542,"ACF & TPT",1,1,9,1,1
263.672160268051,0.00634588955056914,0.143539233136606,0.114637423871314,250.660432588329,0.591302974267421,0.307545740589243,2.84969157105697,0.165525814545092,0.0513118378219305,0.0784238672361744,"No Intervention",1,13,9,1,4
174.153587306938,0,0.101651254866414,0.120279616858989,145.996988769062,0.634113872613574,0.249113900950371,3.54953817512059,0.088947611068219,0.0513118378219305,0.0784238672361744,"ACF",1,13,9,1,4
49.5164740565726,0,0.122408913658325,0.130505162198917,44.0647418858097,0.613891363067672,0.806904533637126,3.12953903519406,0.0284781896744778,0.0513118378219305,0.0784238672361744,"ACF & TPT",1,13,9,1,4
231.975364966585,0.00872526838929755,0.1364231721771,0.122813873523725,207.877269089761,0.600095228258111,0.275086096837288,2.73456753675082,0.137666070183194,0.0512635317254838,0.0781919244521315,"No Intervention",1,20,9,1,1
153.431785336696,0,0.0971388907097617,0.127744794266423,122.060123829105,0.64124819811869,0.222998940023261,3.41018713223143,0.0743580019653522,0.0512635317254838,0.0781919244521315,"ACF",1,20,9,1,1
42.2934103370206,0,0.116987836310093,0.137253739052507,35.6507799519943,0.621461395677562,0.797824102257448,3.00077745720613,0.0230420136170938,0.0512635317254838,0.0781919244521315,"ACF & TPT",1,20,9,1,1
246.633147516767,0.0065715699626927,0.145381755830009,0.109501954433827,244.225852257961,0.603575061029119,0.290976921820526,2.85059804810054,0.167119647707184,0.0503195868455183,0.0767688683068383,"No Intervention",1,21,9,1,5
160.412529733129,0,0.101839745796272,0.115330957305804,139.454209869435,0.645844394987179,0.232850105629418,3.57361013318877,0.0877025296696579,0.0503195868455183,0.0767688683068383,"ACF",1,21,9,1,5
45.5326060845848,0,0.122375188562379,0.12523056698941,42.0081039144155,0.626808660307186,0.805428713184889,3.15662942149415,0.0280159354243471,0.0503195868455183,0.0767688683068383,"ACF & TPT",1,21,9,1,5
246.421923913311,0.00816489071568149,0.145658305598555,0.114134437163063,242.203729315877,0.598121733431001,0.295790731704053,2.55418364867434,0.163368332066527,0.0507893369413662,0.0775683839109981,"No Intervention",1,22,9,1,3
161.869881012372,0,0.102924029154738,0.11989397948187,140.130541378961,0.638752905055209,0.239195492514455,3.18461758331149,0.0868086983323464,0.0507893369413662,0.0775683839109981,"ACF",1,22,9,1,3
45.5251259817169,0,0.123445654921227,0.130197643764695,41.7697058531189,0.6201893575774,0.807032519912979,2.81460590610544,0.0274595602825319,0.0507893369413662,0.0775683839109981,"ACF & TPT",1,22,9,1,3
243.124478694509,0.00688185003610187,0.148724911438468,0.102017712972335,242.617107090229,0.601683281374294,0.287817146753692,2.99576264383578,0.168980718658703,0.0506206265869882,0.0774412577361022,"No Intervention",1,23,9,1,2
158.511501586481,0,0.103828819886452,0.107546713948404,138.737533316611,0.644875302957432,0.230560394965025,3.76482540400618,0.0887969185851249,0.0506206265869882,0.0774412577361022,"ACF",1,23,9,1,2
44.9029199119648,0,0.124896491691927,0.117052226088994,41.7467092423996,0.625513275363591,0.80612217057375,3.32510791841187,0.0283323345656505,0.0506206265869882,0.0774412577361022,"ACF & TPT",1,23,9,1,2
240.226613889377,0.00779637567869784,0.136895040593881,0.121529816864049,224.404909071108,0.610568632099212,0.283380996891642,2.76787930520879,0.146503065948602,0.0505209531211267,0.0770012623045118,"No Intervention",1,25,9,1,2
158.092717439206,0,0.0972286542309349,0.12683239021604,130.718159068998,0.651082186248358,0.228603665536308,3.45032344035571,0.0785581302137141,0.0505209531211267,0.0770012623045118,"ACF",1,25,9,1,2
44.1866614760425,0,0.117122586683289,0.136593949159834,38.7448289556851,0.631690699503119,0.800068382524118,3.03793857735643,0.0247082529157954,0.0505209531211267,0.0770012623045118,"ACF & TPT",1,25,9,1,2
223.300090295062,0.00737016853713701,0.157545805744456,0.128967195551446,214.207479616635,0.572717781696304,0.263566346730858,2.632985260217,0.146239612215761,0.0498676784284859,0.0759914812863764,"No Intervention",1,37,9,1,1
144.769658216188,0,0.111145873678721,0.134855452367571,121.968543135656,0.615924092996496,0.210284761267568,3.27867646221937,0.0764919297714978,0.0498676784284859,0.0759914812863764,"ACF",1,37,9,1,1
40.6563307550219,0,0.13354855718115,0.145094552335479,36.3546484112837,0.596012265931353,0.79811204306553,2.8965555797459,0.024174681615285,0.0498676784284859,0.0759914812863764,"ACF & TPT",1,37,9,1,1
229.012929958409,0.00897605891749309,0.145023437829283,0.115740283955075,222.350075564871,0.601526239737612,0.279459422870421,2.51879876536789,0.142407172395806,0.0501842444381466,0.0764844613175877,"No Intervention",1,48,9,1,1
149.847089158498,0,0.103129131485265,0.120741647097693,128.616674684885,0.641033706883483,0.225381350786358,3.1320813616287,0.075642007190072,0.0501842444381466,0.0764844613175877,"ACF",1,48,9,1,1
41.5333572492316,0,0.123999867884834,0.129969071091995,37.8311934628534,0.622266353911306,0.79982862544841,2.76482455728847,0.0236244341705345,0.0501842444381466,0.0764844613175877,"ACF & TPT",1,48,9,1,1
235.636725018193,0.00759131459318596,0.140228409836111,0.122801825207012,215.754460413071,0.595957660665259,0.277821864858951,2.86019935118884,0.142180470999147,0.0502958882363789,0.0767597106511228,"No Intervention",1,50,9,1,2
154.698184744838,0,0.0993963371500388,0.127958549853603,125.265212808638,0.63839594364905,0.223572110914271,3.56941468559076,0.0760143348562987,0.0502958882363789,0.0767597106511228,"ACF",1,50,9,1,2
43.0947472015912,0,0.11991820282973,0.137545901553059,37.0345955874638,0.61800980962375,0.79783058286099,3.1404143027152,0.0238398675844049,0.0502958882363789,0.0767597106511228,"ACF & TPT",1,50,9,1,2
225.143296949025,0.00894845800010591,0.131944788691269,0.123564435274079,205.545798123082,0.620195904917406,0.27089105893319,2.73873830881628,0.134495876379504,0.0501518198549404,0.0760482000916211,"No Intervention",1,66,9,1,2
146.849243777562,0,0.0936935444811807,0.128611179901352,118.956284398862,0.659662314714447,0.217805564092938,3.42290822480491,0.0714976374803576,0.0501518198549404,0.0760482000916211,"ACF",1,66,9,1,2
40.5317495126731,0,0.112789938003761,0.137778646613851,34.7827448069271,0.640864187694669,0.795832369225791,3.01264258127924,0.0221800861405094,0.0501518198549404,0.0760482000916211,"ACF & TPT",1,66,9,1,2
222.351622661168,0.00682662949061374,0.141707521089372,0.123738551108075,211.625716258717,0.604027649740549,0.268147433353088,2.66702121087223,0.136142816800666,0.0500536873967122,0.0763485705737499,"No Intervention",1,69,9,1,4
145.267416852204,0,0.100404371949471,0.128748588552743,122.133020389069,0.644683060292731,0.215456632884624,3.32586551205005,0.072175928240281,0.0500536873967122,0.0763485705737499,"ACF",1,69,9,1,4
40.2875106426014,0,0.120940815369194,0.138029212609304,35.9555039421798,0.625361955730118,0.794772426055274,2.93141673843309,0.0225517149053455,0.0500536873967122,0.0763485705737499,"ACF & TPT",1,69,9,1,4
231.588809381491,0.00633300942614723,0.129070383040638,0.103585721283513,220.695433930151,0.632592745232048,0.282574934348235,2.9791668723545,0.147480393948634,0.0508052719596686,0.0775269598446527,"No Intervention",1,71,9,1,1
152.733792004563,0,0.0910596741136418,0.108235677282007,128.904618330874,0.672393321634264,0.228566009154914,3.74074155517898,0.0791749059674299,0.0508052719596686,0.0775269598446527,"ACF",1,71,9,1,1
42.5399968645385,0,0.10968901807019,0.116801934321146,38.0931056304378,0.653825890410618,0.799817174521948,3.29535647409647,0.0248246609828485,0.0508052719596686,0.0775269598446527,"ACF & TPT",1,71,9,1,1
251.675538179878,0.00824610159752892,0.13649471874525,0.115777916804942,235.347684727198,0.616054441001266,0.291771390524677,2.94053265534205,0.159115212904611,0.0502873345253786,0.0766394586771798,"No Intervention",1,76,9,1,4
165.195487154008,0,0.0963551523948297,0.121399393899681,136.518618715811,0.657200617730531,0.23443009380867,3.6821989985832,0.0849541039678601,0.0502873345253786,0.0766394586771798,"ACF",1,76,9,1,4
46.4877451500007,0,0.11599496156044,0.131404376783304,40.7116985939307,0.637980340713952,0.803987870267234,3.24191506379743,0.0268719925616902,0.0502873345253786,0.0766394586771798,"ACF & TPT",1,76,9,1,4
227.466076658295,0.00700777281563048,0.133346008225059,0.125691311499605,206.838221346817,0.616732783095675,0.272116730094599,2.77132574381262,0.136738156757724,0.0504535155650109,0.0768645684809331,"No Intervention",1,77,9,1,1
150.215363991312,0,0.094890653349707,0.130708226136483,121.262558013934,0.656599921907572,0.220005868577201,3.45810038194391,0.0737304982288762,0.0504535155650109,0.0768645684809331,"ACF",1,77,9,1,1
41.6043475797558,0,0.114240279531766,0.140206664533352,35.5804530987525,0.637508121094335,0.795636363294216,3.04342850800143,0.0229539476291601,0.0504535155650109,0.0768645684809331,"ACF & TPT",1,77,9,1,1
241.174460646098,0.00664191137932657,0.147105034247416,0.103441258720061,242.477394029135,0.602281025049641,0.287860666124089,2.83535964041701,0.169299016892281,0.0509684617463081,0.0779595257314875,"No Intervention",1,79,9,1,1
157.601067764434,0,0.10282896468051,0.109058297132244,138.994085123981,0.64468472570369,0.231349627071343,3.5591378723674,0.0891042861700787,0.0509684617463081,0.0779595257314875,"ACF",1,79,9,1,1
44.6205621365958,0,0.123467078050606,0.118748525608177,41.7718604542576,0.625851051972632,0.806640489127488,3.14700769900617,0.0283971351383017,0.0509684617463081,0.0779595257314875,"ACF & TPT",1,79,9,1,1
237.532163450299,0.00829881631402563,0.141090183261257,0.134439985233966,210.365400347131,0.588150524347656,0.276002257174615,2.73635336385211,0.136081690453787,0.0504077956757581,0.0767882783839742,"No Intervention",1,80,9,1,15
156.427661878648,0,0.100820285090261,0.139674481780227,122.867288598174,0.630066068571066,0.222557223310231,3.39698024973609,0.0732778399156322,0.0504077956757581,0.0767882783839742,"ACF",1,80,9,1,15
43.4668634120917,0,0.121612288676084,0.149636491345619,36.2068803158926,0.609406862321871,0.796019395313429,2.98701837265579,0.022907738180592,0.0504077956757581,0.0767882783839742,"ACF & TPT",1,80,9,1,15
236.733898308324,0.00776351114428209,0.144825998477106,0.121698149812939,220.212628973537,0.585543296731511,0.284403497121236,2.65785154740612,0.139745704495022,0.0506015948222101,0.0773291135009799,"No Intervention",1,86,9,1,1
156.435276601372,0,0.103467301937141,0.126570709543803,128.869572107123,0.627123116719947,0.230538976100061,3.29547196904331,0.0753696657717407,0.0506015948222101,0.0773291135009799,"ACF",1,86,9,1,1
43.5011976610015,0,0.124806480393802,0.136016197541768,38.0668112919495,0.606656795742804,0.798475321307636,2.9025770100488,0.0236335804817419,0.0506015948222101,0.0773291135009799,"ACF & TPT",1,86,9,1,1
245.890429978916,0.00959779361791702,0.148476908579418,0.120727009854596,242.853112168114,0.5975100922313,0.293072003510256,2.5045877873567,0.155027686639207,0.0491914428192168,0.0748675761203383,"No Intervention",1,90,9,1,6
159.514453361162,0,0.105279884578141,0.126494246379727,138.745004899057,0.637512449164966,0.234580450386888,3.11161668698491,0.0814023326068741,0.0491914428192168,0.0748675761203383,"ACF",1,90,9,1,6
44.8406081097801,0,0.126559347329589,0.136583956505146,41.3889080807895,0.618642926052686,0.803874895849552,2.74730375093933,0.0257808176853334,0.0491914428192168,0.0748675761203383,"ACF & TPT",1,90,9,1,6
248.98103290678,0.0107200391254718,0.14552371587458,0.127722193191905,225.971706683945,0.578714906512563,0.291660637258534,2.59666828975017,0.145241141877554,0.0506382277879024,0.0770394544397712,"No Intervention",1,91,9,1,1
163.572143221604,0,0.104060732352308,0.133161961275575,131.473840369448,0.620476663635381,0.23574632451858,3.21676934083717,0.0778895894742493,0.0506382277879024,0.0770394544397712,"ACF",1,91,9,1,1
45.6325491055891,0,0.125347606426038,0.143306537729186,38.9010967716188,0.600016210340288,0.802281653088151,2.83283037040692,0.0244543792986164,0.0506382277879024,0.0770394544397712,"ACF & TPT",1,91,9,1,1
237.40238045274,0.00681781468441378,0.137772546798996,0.10223431499262,230.63404993625,0.610589183504586,0.288158005547974,2.88822103162485,0.152570775371483,0.0514543037205374,0.0787936913110374,"No Intervention",1,99,9,1,2
156.699067192451,0,0.0970705557995986,0.106960638392563,134.372097455941,0.652169554423546,0.233611615670457,3.61930972219598,0.0817267297308447,0.0514543037205374,0.0787936913110374,"ACF",1,99,9,1,2
43.7276041547126,0,0.116994564420069,0.115782421062198,39.8352964114927,0.632758105122368,0.8027132218874,3.19073066273344,0.0257114931609834,0.0514543037205374,0.0787936913110374,"ACF & TPT",1,99,9,1,2
227.697567350362,0.00852837404288154,0.118041045699449,0.117037215486367,205.635618925316,0.648061408710032,0.277048570913225,2.8915913686421,0.134498319996146,0.0504722331114261,0.0770070889702573,"No Intervention",1,1,10,1,1
151.33959283893,0,0.0839487264068493,0.121561318197437,121.79757604934,0.685774520864292,0.225207216851243,3.62401370973577,0.0732159244216531,0.0504722331114261,0.0770070889702573,"ACF",1,1,10,1,1
41.4314207045185,0,0.10127323496322,0.130507100320367,35.3050635997083,0.667494176042219,0.796698587617956,3.18117599493585,0.0225318579754279,0.0504722331114261,0.0770070889702573,"ACF & TPT",1,1,10,1,1
227.239691991829,0.00842441744168343,0.136980539913561,0.120295326143573,210.278346830535,0.604319211032444,0.274202225983766,2.7699984041431,0.138220415363355,0.050596325759034,0.0773800087114924,"No Intervention",1,12,10,1,2
150.303479048376,0,0.097336361554041,0.125128639239903,123.211333740853,0.645490995315172,0.22220400591023,3.45410500323653,0.0745217781677909,0.050596325759034,0.0773800087114924,"ACF",1,12,10,1,2
41.5332334294825,0,0.11746482667375,0.134538735068289,36.1339550979506,0.625521307177451,0.797922900884021,3.03812476789611,0.0231959073831484,0.050596325759034,0.0773800087114924,"ACF & TPT",1,12,10,1,2
238.830238637915,0.00751648077199363,0.164439222868615,0.126472564327678,232.064599499711,0.560378842609036,0.277142813789141,2.74020380565883,0.15135050424262,0.0497580285837437,0.0758578175079493,"No Intervention",1,16,10,1,4
154.376815908654,0,0.11626502127833,0.132395630796344,131.508519243639,0.604713087690968,0.220554591932531,3.39874304161094,0.0790341589417307,0.0497580285837437,0.0758578175079493,"ACF",1,16,10,1,4
43.7895321635854,0,0.140129138796019,0.142608802699358,39.6873386917099,0.583652982365401,0.800053657214579,3.00071456797483,0.0252951010233224,0.0497580285837437,0.0758578175079493,"ACF & TPT",1,16,10,1,4
236.696108646534,0.00778479502262652,0.153677568122815,0.0983551939149284,238.028632537974,0.589410828987584,0.284767146399818,2.88506982637138,0.160243530727531,0.0498652903416671,0.0763932215083752,"No Intervention",1,24,10,1,1748
153.948034329614,0,0.107692633627677,0.103352221868747,135.871240935921,0.632711650629715,0.227714718055678,3.6143490416045,0.0840490030342691,0.0498652903416671,0.0763932215083752,"ACF",1,24,10,1,1748
43.2384646913131,0,0.129743670349549,0.112152691378452,40.6013218123343,0.612841278399245,0.803872547424925,3.19247646461094,0.0266481441449956,0.0498652903416671,0.0763932215083752,"ACF & TPT",1,24,10,1,1748
218.006649709697,0.00991437342817325,0.126678560713354,0.120222734269642,197.272201998432,0.627100284318027,0.266298151988885,2.84757852763881,0.126238888053353,0.0501755297346219,0.0764091271224218,"No Intervention",1,25,10,1,1
142.774611097568,0,0.0898142459414897,0.124655446925838,114.784596583261,0.666768206451775,0.2148802018503,3.56911758709069,0.0674440476360287,0.0501755297346219,0.0764091271224218,"ACF",1,25,10,1,1
38.8512062298103,0,0.108538418895905,0.13328300352732,33.1233842949682,0.64744738219955,0.793492322827765,3.13240359308815,0.020660248605447,0.0501755297346219,0.0764091271224218,"ACF & TPT",1,25,10,1,1
249.417504675114,0.00804667347773824,0.147280450474759,0.113222546640889,240.079149774501,0.598475254202548,0.290378921892319,2.86207200953051,0.157742791678354,0.0499409118688801,0.0758540454810691,"No Intervention",1,32,10,1,1
161.340494262558,0,0.103844431053405,0.118852686344127,136.766242738703,0.640559133504975,0.231408266873799,3.57583125430794,0.0826953818958331,0.0499409118688801,0.0758540454810691,"ACF",1,32,10,1,1
45.6251130510783,0,0.124980471017299,0.128388331878091,41.0590149444735,0.62097964011759,0.80278801902862,3.15473836626689,0.0263298695198041,0.0499409118688801,0.0758540454810691,"ACF & TPT",1,32,10,1,1
222.227538694978,0.00900579816454283,0.111690543791593,0.106748776031864,202.262561791049,0.66217206868015,0.279445224409339,2.86724108429401,0.129633059090416,0.0510348505983971,0.0782421328400444,"No Intervention",1,37,10,1,1
148.997712899389,0,0.079408561278269,0.110574469050733,121.128613462208,0.698336473412982,0.229159029045055,3.60285771531839,0.0712056760365472,0.0510348505983971,0.0782421328400444,"ACF",1,37,10,1,1
40.0950471140926,0,0.0958502716912664,0.118777307544951,34.5121773137709,0.680765897643614,0.7965756416282,3.16076588841596,0.0215586935179565,0.0510348505983971,0.0782421328400444,"ACF & TPT",1,37,10,1,1
224.926951584244,0.00923332652546704,0.137468140948697,0.122292820912448,209.912345987726,0.609922375412733,0.269944781295007,2.82459924771334,0.134140057057385,0.0498894120430284,0.0759101914984966,"No Intervention",1,43,10,1,4
146.190163872889,0,0.0972806087455165,0.127235014120274,120.630029673228,0.651012043867731,0.216400247354468,3.53000189871425,0.0708627453986006,0.0498894120430284,0.0759101914984966,"ACF",1,43,10,1,4
40.4081334772956,0,0.11751799795196,0.136318157828974,35.4082531739206,0.631143458912528,0.795624413194963,3.10354339637476,0.0220737005070075,0.0498894120430284,0.0759101914984966,"ACF & TPT",1,43,10,1,4
228.251398405585,0.00739276368487951,0.149165113805575,0.108413181309835,221.258656923057,0.586897701308859,0.273784643007618,2.96248251075676,0.149615125305313,0.050843893698731,0.0777526744682749,"No Intervention",1,45,10,1,6
148.628332150028,0,0.104534194496496,0.113484995402769,126.559831019616,0.631207679375947,0.219635662388415,3.71442828198016,0.0786675052023209,0.050843893698731,0.0777526744682749,"ACF",1,45,10,1,6
41.5953520724366,0,0.126113587258426,0.122553098814321,37.6713966888106,0.610693464327771,0.800415893731288,3.27516834577264,0.0248311782027863,0.050843893698731,0.0777526744682749,"ACF & TPT",1,45,10,1,6
235.443848798586,0.00813845733952612,0.128153156144611,0.11028107271826,218.478754699798,0.628492671511723,0.281930205503024,2.94274881760791,0.144562110978357,0.0510704926877649,0.0780611942406808,"No Intervention",1,51,10,1,1
155.357353017968,0,0.0903751403977668,0.115036305349923,127.761011577347,0.668751130813645,0.228132847985967,3.69897626087704,0.0776404007941818,0.0510704926877649,0.0780611942406808,"ACF",1,51,10,1,1
42.8522010534632,0,0.108960427745575,0.124047735310125,37.3542063445685,0.649836344059089,0.800002064180163,3.25257273388106,0.0240907120617361,0.0510704926877649,0.0780611942406808,"ACF & TPT",1,51,10,1,1
222.435105798477,0.00862040174750178,0.122340063567868,0.103316713938756,205.289932944864,0.636164826254093,0.275456041147493,3.00066658127436,0.136058812668006,0.0507933887699569,0.0777907738272494,"No Intervention",1,62,10,1,1
147.469894961829,0,0.0863344646035995,0.107425611335562,120.904894263163,0.676018303130703,0.22383649004338,3.77810615332695,0.0735653327081324,0.0507933887699569,0.0777907738272494,"ACF",1,62,10,1,1
40.2018380471157,0,0.104307906054589,0.1156240500774,34.9631725791616,0.657006520372549,0.797605302236419,3.31762466000264,0.0225837960909212,0.0507933887699569,0.0777907738272494,"ACF & TPT",1,62,10,1,1
228.246605163108,0.00852289123119065,0.133413252014129,0.112238587599799,215.687361630826,0.617574043085541,0.279296333853439,2.71972002060769,0.138142637203839,0.0505804469491877,0.0773016291794371,"No Intervention",1,63,10,1,2
150.725965231401,0,0.0948087235969219,0.116779915259975,126.301172054582,0.657133008121269,0.226446192915043,3.39450384189868,0.074347418078189,0.0505804469491877,0.0773016291794371,"ACF",1,63,10,1,2
41.4991223889651,0,0.114337271392898,0.125601805399314,36.9074676112587,0.638024878610412,0.798322994360075,2.98785026566867,0.0230700895971384,0.0505804469491877,0.0773016291794371,"ACF & TPT",1,63,10,1,2
236.082060347438,0.00934547036648747,0.130891185258872,0.111949039039913,220.567168726609,0.623543703059435,0.286744204244925,2.68383931032177,0.140204204452503,0.0504583282696519,0.0772729347960971,"No Intervention",1,64,10,1,79
156.511752784594,0,0.0930738378745957,0.116453457713997,129.882448283322,0.662291466919206,0.232894868759592,3.35327214579326,0.0758145421550012,0.0504583282696519,0.0772729347960971,"ACF",1,64,10,1,79
42.829378567291,0,0.11216139128452,0.125415129940167,37.6754597163772,0.643618367490787,0.79992486457113,2.95008239948164,0.0233627737680837,0.0504583282696519,0.0772729347960971,"ACF & TPT",1,64,10,1,79
236.246251221476,0.00864691103186233,0.149737561701116,0.124537932417827,220.534431645908,0.580538222873181,0.277408655751511,2.77460068284548,0.146864696074513,0.050228101206799,0.0766580672216597,"No Intervention",1,67,10,1,1
154.525624226441,0,0.106088261095193,0.130055223122843,127.172304799042,0.623685926382059,0.222785308832284,3.45349454166089,0.0779852302727443,0.050228101206799,0.0766580672216597,"ACF",1,67,10,1,1
43.261299473054,0,0.127891173924135,0.140100144694888,37.8050165758101,0.603069960805262,0.800201956255715,3.04238403107957,0.0245903275729936,0.050228101206799,0.0766580672216597,"ACF & TPT",1,67,10,1,1
236.920064948996,0.00909745580721533,0.145565077534049,0.115548567261207,228.698480330204,0.598685263059267,0.281190642301153,2.83233776362084,0.146033582557262,0.0496892758600399,0.0758809458024933,"No Intervention",1,76,10,1,2
154.036573520689,0,0.102737368729106,0.120676380111758,130.999094751984,0.64078256053907,0.22498586676447,3.53650376170978,0.0769461865590918,0.0496892758600399,0.0758809458024933,"ACF",1,76,10,1,2
42.9658633846792,0,0.124101653665161,0.12997094839877,38.8485177727316,0.620594662082795,0.799967814432496,3.11317238406836,0.0242203413893728,0.0496892758600399,0.0758809458024933,"ACF & TPT",1,76,10,1,2
219.977874461265,0.00787667589072638,0.128853585231039,0.118193374184203,200.913391359038,0.624862867367487,0.263725630357891,3.02947064384678,0.134538332385858,0.0506608870057037,0.0774050364834151,"No Intervention",1,90,10,1,1
144.531268468996,0,0.0906855691809721,0.122908931430832,116.899068415563,0.666159011736911,0.212536337318238,3.81275215626663,0.0718819771489753,0.0506608870057037,0.0774050364834151,"ACF",1,90,10,1,1
39.6981323175679,0,0.109541258656334,0.131900237195779,34.0525867189403,0.646620158973623,0.794916145815202,3.34802416774075,0.0222136313824147,0.0506608870057037,0.0774050364834151,"ACF & TPT",1,90,10,1,1
239.472154333784,0.00932927907910208,0.138350116068089,0.118128287359476,226.369806347361,0.615416128138882,0.283483780109997,2.75181618303471,0.146329510717985,0.0496641740741508,0.075618301589418,"No Intervention",1,97,10,1,2
156.108004855403,0,0.0979198889021226,0.123382553524574,130.484742437806,0.655391883613733,0.227189166372215,3.43882269887446,0.0774990342547841,0.0496641740741508,0.075618301589418,"ACF",1,97,10,1,2
43.3953437712337,0,0.117928149057306,0.132853708733959,38.462442489176,0.636455130194432,0.800258607622848,3.02824537830114,0.0242472095663717,0.0496641740741508,0.075618301589418,"ACF & TPT",1,97,10,1,2
